0,1,2,3
0.0,0.0,0.0,0.0
0.00099601593625498,0.00099601593625498,0.00099601593625498,9.880953638186102e-10
0.00199203187250996,0.00199203187250996,0.00199203187250996,7.904762910548881e-09
0.00298804780876494,0.00298804780876494,0.00298804780876494,2.6678574823102467e-08
0.00398406374501992,0.00398406374501992,0.00398406374501992,6.323810328439101e-08
0.0049800796812749,0.0049800796812749,0.0049800796812749,1.2351192047732594e-07
0.00597609561752988,0.00597609561752988,0.00597609561752988,2.1342859858481814e-07
0.0069721115537848604,0.0069721115537848604,0.0069721115537848604,3.3891670978977674e-07
0.00796812749003984,0.00796812749003984,0.00796812749003984,5.059048262751068e-07
0.008964143426294821,0.008964143426294821,0.008964143426294821,7.203215202237047e-07
0.0099601593625498,0.0099601593625498,0.0099601593625498,9.880953638184493e-07
0.010956175298804782,0.010956175298804782,0.010956175298804782,1.3151549292421913e-06
0.01195219123505976,0.01195219123505976,0.01195219123505976,1.7074287886777284e-06
0.012948207171314742,0.012948207171314742,0.012948207171314742,2.170845514307782e-06
0.013944223107569721,0.013944223107569721,0.013944223107569721,2.711333678314944e-06
0.014940239043824702,0.014940239043824702,0.014940239043824702,3.334821852881628e-06
0.01593625498007968,0.01593625498007968,0.01593625498007968,4.0472386101899785e-06
0.01693227091633466,0.01693227091633466,0.01693227091633466,4.854512522421763e-06
0.017928286852589643,0.017928286852589643,0.017928286852589643,5.7625721617582425e-06
0.018924302788844622,0.018924302788844622,0.018924302788844622,6.777346100379964e-06
0.0199203187250996,0.0199203187250996,0.0199203187250996,7.904762910466559e-06
0.02091633466135458,0.02091633466135458,0.02091633466135458,9.150751164196437e-06
0.021912350597609563,0.021912350597609563,0.021912350597609563,1.0521239433746452e-05
0.022908366533864542,0.022908366533864542,0.022908366533864542,1.2022156291291432e-05
0.02390438247011952,0.02390438247011952,0.02390438247011952,1.3659430309003701e-05
0.0249003984063745,0.0249003984063745,0.0249003984063745,1.5438990059052435e-05
0.025896414342629483,0.025896414342629483,0.025896414342629483,1.7366764113602913e-05
0.026892430278884463,0.026892430278884463,0.026892430278884463,1.9448681044815623e-05
0.027888446215139442,0.027888446215139442,0.027888446215139442,2.1690669424845273e-05
0.02888446215139442,0.02888446215139442,0.02888446215139442,2.409865782583955e-05
0.029880478087649404,0.029880478087649404,0.029880478087649404,2.6678574819937747e-05
0.030876494023904383,0.030876494023904383,0.030876494023904383,2.943634897926912e-05
0.03187250996015936,0.03187250996015936,0.03187250996015936,3.23779088759511e-05
0.03286852589641434,0.03286852589641434,0.03286852589641434,3.5509183082087124e-05
0.03386454183266932,0.03386454183266932,0.03386454183266932,3.883610016976427e-05
0.0348605577689243,0.0348605577689243,0.0348605577689243,4.236458871105053e-05
0.035856573705179286,0.035856573705179286,0.035856573705179286,4.6100577277991776e-05
0.036852589641434265,0.036852589641434265,0.036852589641434265,5.004999444260817e-05
0.037848605577689244,0.037848605577689244,0.037848605577689244,5.421876877689052e-05
0.03884462151394422,0.03884462151394422,0.03884462151394422,5.861282885279576e-05
0.0398406374501992,0.0398406374501992,0.0398406374501992,6.323810324224224e-05
0.04083665338645418,0.04083665338645418,0.04083665338645418,6.810052051710433e-05
0.04183266932270916,0.04183266932270916,0.04183266932270916,7.320600924920653e-05
0.04282868525896414,0.04282868525896414,0.04282868525896414,7.85604980103169e-05
0.043824701195219126,0.043824701195219126,0.043824701195219126,8.416991537213982e-05
0.044820717131474105,0.044820717131474105,0.044820717131474105,9.004018990630802e-05
0.045816733067729085,0.045816733067729085,0.045816733067729085,9.617725018437396e-05
0.046812749003984064,0.046812749003984064,0.046812749003984064,0.00010258702477780024
0.04780876494023904,0.04780876494023904,0.04780876494023904,0.00010927544225794915
0.04880478087649402,0.04880478087649402,0.04880478087649402,0.00011624843119607128
0.049800796812749,0.049800796812749,0.049800796812749,0.0001235119201632932
0.05079681274900399,0.05079681274900399,0.05079681274900399,0.00013107183773060387
0.05179282868525897,0.05179282868525897,0.05179282868525897,0.0001389341124688402
0.052788844621513946,0.052788844621513946,0.052788844621513946,0.000147104672948671
0.053784860557768925,0.053784860557768925,0.053784860557768925,0.00015558944774058008
0.054780876494023904,0.054780876494023904,0.054780876494023904,0.00016439436541484774
0.055776892430278883,0.055776892430278883,0.055776892430278883,0.0001735253545415306
0.05677290836653386,0.05677290836653386,0.05677290836653386,0.00018298834369044048
0.05776892430278884,0.05776892430278884,0.05776892430278884,0.00019278926143112104
0.05876494023904383,0.05876494023904383,0.05876494023904383,0.00020293403633282322
0.05976095617529881,0.05976095617529881,0.05976095617529881,0.0002134285969644782
0.060756972111553786,0.060756972111553786,0.060756972111553786,0.0002242788718946695
0.061752988047808766,0.061752988047808766,0.061752988047808766,0.00023549078969160224
0.06274900398406374,0.06274900398406374,0.06274900398406374,0.00024707027892307035
0.06374501992031872,0.06374501992031872,0.06374501992031872,0.00025902326815642197
0.0647410358565737,0.0647410358565737,0.0647410358565737,0.0002713556859585224
0.06573705179282868,0.06573705179282868,0.06573705179282868,0.00028407346089571436
0.06673306772908366,0.06673306772908366,0.06673306772908366,0.0002971825215337759
0.06772908366533864,0.06772908366533864,0.06772908366533864,0.00031068879643787604
0.06872509960159362,0.06872509960159362,0.06872509960159362,0.00032459821417252634
0.0697211155378486,0.0697211155378486,0.0697211155378486,0.0003389167033015314
0.07071713147410359,0.07071713147410359,0.07071713147410359,0.00035365019238793485
0.07171314741035857,0.07171314741035857,0.07171314741035857,0.0003688046099939619
0.07270916334661355,0.07270916334661355,0.07270916334661355,0.0003843858846809606
0.07370517928286853,0.07370517928286853,0.07370517928286853,0.00040039994500933745
0.07470119521912351,0.07470119521912351,0.07470119521912351,0.0004168527195384904
0.07569721115537849,0.07569721115537849,0.07569721115537849,0.0004337501368267378
0.07669322709163347,0.07669322709163347,0.07669322709163347,0.00045109812543124345
0.07768924302788845,0.07768924302788845,0.07768924302788845,0.00046890261390793755
0.07868525896414343,0.07868525896414343,0.07868525896414343,0.00048716953081143373
0.0796812749003984,0.0796812749003984,0.0796812749003984,0.0005059048046949409
0.08067729083665338,0.08067729083665338,0.08067729083665338,0.0005251143641101712
0.08167330677290836,0.08167330677290836,0.08167330677290836,0.0005448041376072424
0.08266932270916334,0.08266932270916334,0.08266932270916334,0.0005649800537345766
0.08366533864541832,0.08366533864541832,0.08366533864541832,0.0005856480410387919
0.0846613545816733,0.0846613545816733,0.0846613545816733,0.0006068140280645905
0.08565737051792828,0.08565737051792828,0.08565737051792828,0.0006284839433546404
0.08665338645418327,0.08665338645418327,0.08665338645418327,0.0006506637154494512
0.08764940239043825,0.08764940239043825,0.08764940239043825,0.0006733592728872435
0.08864541832669323,0.08864541832669323,0.08864541832669323,0.0006965765442038142
0.08964143426294821,0.08964143426294821,0.08964143426294821,0.0007203214579323932
0.09063745019920319,0.09063745019920319,0.09063745019920319,0.0007445999426034938
0.09163346613545817,0.09163346613545817,0.09163346613545817,0.0007694179267447576
0.09262948207171315,0.09262948207171315,0.09262948207171315,0.0007947813388807901
0.09362549800796813,0.09362549800796813,0.09362549800796813,0.0008206961075329917
0.0946215139442231,0.0946215139442231,0.0946215139442231,0.0008471681612193787
0.09561752988047809,0.09561752988047809,0.09561752988047809,0.0008742034284543977
0.09661354581673307,0.09661354581673307,0.09661354581673307,0.0009018078377487315
0.09760956175298804,0.09760956175298804,0.09760956175298804,0.0009299873176090974
0.09860557768924302,0.09860557768924302,0.09860557768924302,0.0009587477965380356
0.099601593625498,0.099601593625498,0.099601593625498,0.0009880952030336904
0.10059760956175298,0.10059760956175298,0.10059760956175298,0.0010180354655895795
0.10159362549800798,0.10159362549800798,0.10159362549800798,0.0010485745126943581
0.10258964143426295,0.10258964143426295,0.10258964143426295,0.0010797182728315689
0.10358565737051793,0.10358565737051793,0.10358565737051793,0.0011114726744793847
0.10458167330677291,0.10458167330677291,0.10458167330677291,0.0011438436461103402
0.10557768924302789,0.10557768924302789,0.10557768924302789,0.0011768371161910527
0.10657370517928287,0.10657370517928287,0.10657370517928287,0.001210459013181932
0.10756972111553785,0.10756972111553785,0.10756972111553785,0.0012447152655368798
0.10856573705179283,0.10856573705179283,0.10856573705179283,0.0012796118017029759
0.10956175298804781,0.10956175298804781,0.10956175298804781,0.001315154550120154
0.11055776892430279,0.11055776892430279,0.11055776892430279,0.0013513494392208654
0.11155378486055777,0.11155378486055777,0.11155378486055777,0.001388202397429728
0.11254980079681275,0.11254980079681275,0.11254980079681275,0.0014257193531631645
0.11354581673306773,0.11354581673306773,0.11354581673306773,0.0014639062348290272
0.1145418326693227,0.1145418326693227,0.1145418326693227,0.0015027689708262074
0.11553784860557768,0.11553784860557768,0.11553784860557768,0.0015423134895442326
0.11653386454183266,0.11653386454183266,0.11653386454183266,0.001582545719362848
0.11752988047808766,0.11752988047808766,0.11752988047808766,0.0016234715886515854
0.11852589641434264,0.11852589641434264,0.11852589641434264,0.0016650970257693113
0.11952191235059761,0.11952191235059761,0.11952191235059761,0.0017074279590637692
0.1205179282868526,0.1205179282868526,0.1205179282868526,0.0017504703168710952
0.12151394422310757,0.12151394422310757,0.12151394422310757,0.001794230027515325
0.12250996015936255,0.12250996015936255,0.12250996015936255,0.00183871301930788
0.12350597609561753,0.12350597609561753,0.12350597609561753,0.0018839252205470377
0.12450199203187251,0.12450199203187251,0.12450199203187251,0.0019298725595173843
0.1254980079681275,0.1254980079681275,0.1254980079681275,0.001976560964489249
0.12649402390438247,0.12649402390438247,0.12649402390438247,0.0020239963637181196
0.12749003984063745,0.12749003984063745,0.12749003984063745,0.0020721846854440396
0.12848605577689243,0.12848605577689243,0.12848605577689243,0.002121131857890985
0.1294820717131474,0.1294820717131474,0.1294820717131474,0.0021708438092662243
0.13047808764940239,0.13047808764940239,0.13047808764940239,0.0022213264677596514
0.13147410358565736,0.13147410358565736,0.13147410358565736,0.0022725857615431043
0.13247011952191234,0.13247011952191234,0.13247011952191234,0.0023246276187696598
0.13346613545816732,0.13346613545816732,0.13346613545816732,0.0023774579675729063
0.1344621513944223,0.1344621513944223,0.1344621513944223,0.002431082736066195
0.13545816733067728,0.13545816733067728,0.13545816733067728,0.002485507852341865
0.13645418326693226,0.13645418326693226,0.13645418326693226,0.002540739244470451
0.13745019920318724,0.13745019920318724,0.13745019920318724,0.0025967828404998617
0.13844621513944222,0.13844621513944222,0.13844621513944222,0.002653644568454536
0.1394422310756972,0.1394422310756972,0.1394422310756972,0.0027113303563345756
0.14043824701195218,0.14043824701195218,0.14043824701195218,0.0027698461321148467
0.14143426294820718,0.14143426294820718,0.14143426294820718,0.0028291978237440637
0.14243027888446216,0.14243027888446216,0.14243027888446216,0.0028893913591438356
0.14342629482071714,0.14342629482071714,0.14342629482071714,0.0029504326662076995
0.14442231075697212,0.14442231075697212,0.14442231075697212,0.0030123276728001107
0.1454183266932271,0.1454183266932271,0.1454183266932271,0.0030750823067554178
0.14641434262948208,0.14641434262948208,0.14641434262948208,0.003138702495876797
0.14741035856573706,0.14741035856573706,0.14741035856573706,0.003203194167935165
0.14840637450199204,0.14840637450199204,0.14840637450199204,0.0032685632506680618
0.14940239043824702,0.14940239043824702,0.14940239043824702,0.0033348156717784936
0.150398406374502,0.150398406374502,0.150398406374502,0.003401957358933757
0.15139442231075698,0.15139442231075698,0.15139442231075698,0.00346999423976422
0.15239043824701196,0.15239043824701196,0.15239043824701196,0.0035389322418620758
0.15338645418326693,0.15338645418326693,0.15338645418326693,0.0036087772927800633
0.15438247011952191,0.15438247011952191,0.15438247011952191,0.003679535320030151
0.1553784860557769,0.1553784860557769,0.1553784860557769,0.0037512122510821875
0.15637450199203187,0.15637450199203187,0.15637450199203187,0.003823814013362515
0.15737051792828685,0.15737051792828685,0.15737051792828685,0.003897346534252551
0.15836653386454183,0.15836653386454183,0.15836653386454183,0.003971815741087325
0.1593625498007968,0.1593625498007968,0.1593625498007968,0.004047227561153987
0.1603585657370518,0.1603585657370518,0.1603585657370518,0.004123587921690269
0.16135458167330677,0.16135458167330677,0.16135458167330677,0.004200902749882917
0.16235059760956175,0.16235059760956175,0.16235059760956175,0.004279177972866072
0.16334661354581673,0.16334661354581673,0.16334661354581673,0.004358419517719617
0.1643426294820717,0.1643426294820717,0.1643426294820717,0.004438633311467488
0.16533864541832669,0.16533864541832669,0.16533864541832669,0.0045198252810759254
0.16633466135458166,0.16633466135458166,0.16633466135458166,0.004602001353451703
0.16733067729083664,0.16733067729083664,0.16733067729083664,0.004685167455440304
0.16832669322709162,0.16832669322709162,0.16832669322709162,0.004769329513824044
0.1693227091633466,0.1693227091633466,0.1693227091633466,0.004854493455320164
0.17031872509960158,0.17031872509960158,0.17031872509960158,0.004940665206578873
0.17131474103585656,0.17131474103585656,0.17131474103585656,0.005027850694181334
0.17231075697211157,0.17231075697211157,0.17231075697211157,0.005116055844637617
0.17330677290836655,0.17330677290836655,0.17330677290836655,0.005205286584384584
0.17430278884462153,0.17430278884462153,0.17430278884462153,0.00529554883978375
0.1752988047808765,0.1752988047808765,0.1752988047808765,0.0053868485371190745
0.17629482071713148,0.17629482071713148,0.17629482071713148,0.0054791916025947055
0.17729083665338646,0.17729083665338646,0.17729083665338646,0.005572583962332673
0.17828685258964144,0.17828685258964144,0.17828685258964144,0.005667031542370534
0.17928286852589642,0.17928286852589642,0.17928286852589642,0.0057625402686589545
0.1802788844621514,0.1802788844621514,0.1802788844621514,0.005859116067059245
0.18127490039840638,0.18127490039840638,0.18127490039840638,0.005956764863340829
0.18227091633466136,0.18227091633466136,0.18227091633466136,0.006055492583178678
0.18326693227091634,0.18326693227091634,0.18326693227091634,0.0061553051521506565
0.18426294820717132,0.18426294820717132,0.18426294820717132,0.006256208495734833
0.1852589641434263,0.1852589641434263,0.1852589641434263,0.006358208539306722
0.18625498007968128,0.18625498007968128,0.18625498007968128,0.0064613112081364716
0.18725099601593626,0.18725099601593626,0.18725099601593626,0.006565522427385978
0.18824701195219123,0.18824701195219123,0.18824701195219123,0.006670848122105947
0.1892430278884462,0.1892430278884462,0.1892430278884462,0.006777294217232888
0.1902390438247012,0.1902390438247012,0.1902390438247012,0.006884866637586049
0.19123505976095617,0.19123505976095617,0.19123505976095617,0.006993571307864276
0.19223107569721115,0.19223107569721115,0.19223107569721115,0.007103414152642818
0.19322709163346613,0.19322709163346613,0.19322709163346613,0.007214401096370048
0.1942231075697211,0.1942231075697211,0.1942231075697211,0.007326538063364133
0.1952191235059761,0.1952191235059761,0.1952191235059761,0.007439830977809623
0.19621513944223107,0.19621513944223107,0.19621513944223107,0.007554285763753971
0.19721115537848605,0.19721115537848605,0.19721115537848605,0.007669908345103981
0.19820717131474103,0.19820717131474103,0.19820717131474103,0.0077867046456221905
0.199203187250996,0.199203187250996,0.199203187250996,0.00790468058892316
0.20019920318725098,0.20019920318725098,0.20019920318725098,0.008023842098469706
0.20119521912350596,0.20119521912350596,0.20119521912350596,0.008144195097569053
0.20219123505976094,0.20219123505976094,0.20219123505976094,0.008265745509368894
0.20318725099601595,0.20318725099601595,0.20318725099601595,0.0083884992568534
0.20418326693227093,0.20418326693227093,0.20418326693227093,0.008512462262839112
0.2051792828685259,0.2051792828685259,0.2051792828685259,0.00863764044997078
0.2061752988047809,0.2061752988047809,0.2061752988047809,0.008764039740717123
0.20717131474103587,0.20717131474103587,0.20717131474103587,0.008891666057366477
0.20816733067729085,0.20816733067729085,0.20816733067729085,0.009020525322022384
0.20916334661354583,0.20916334661354583,0.20916334661354583,0.00915062345659908
0.2101593625498008,0.2101593625498008,0.2101593625498008,0.009281966382816904
0.21115537848605578,0.21115537848605578,0.21115537848605578,0.00941456002219762
0.21215139442231076,0.21215139442231076,0.21215139442231076,0.009548410296059625
0.21314741035856574,0.21314741035856574,0.21314741035856574,0.009683523125513113
0.21414342629482072,0.21414342629482072,0.21414342629482072,0.009819904431455095
0.2151394422310757,0.2151394422310757,0.2151394422310757,0.009957560134564357
0.21613545816733068,0.21613545816733068,0.21613545816733068,0.01009649615529632
0.21713147410358566,0.21713147410358566,0.21713147410358566,0.010236718413877778
0.21812749003984064,0.21812749003984064,0.21812749003984064,0.010378232830301586
0.21912350597609562,0.21912350597609562,0.21912350597609562,0.010521045324321188
0.2201195219123506,0.2201195219123506,0.2201195219123506,0.010665161815445101
0.22111553784860558,0.22111553784860558,0.22111553784860558,0.010810588222931263
0.22211155378486055,0.22211155378486055,0.22211155378486055,0.010957330465781286
0.22310756972111553,0.22310756972111553,0.22310756972111553,0.011105394462734603
0.2241035856573705,0.2241035856573705,0.2241035856573705,0.011254786132262514
0.2250996015936255,0.2250996015936255,0.2250996015936255,0.011405511392562118
0.22609561752988047,0.22609561752988047,0.22609561752988047,0.011557576161550146
0.22709163346613545,0.22709163346613545,0.22709163346613545,0.011710986356856662
0.22808764940239043,0.22808764940239043,0.22808764940239043,0.011865747895818674
0.2290836653386454,0.2290836653386454,0.2290836653386454,0.01202186669547362
0.2300796812749004,0.2300796812749004,0.2300796812749004,0.012179348672552747
0.23107569721115537,0.23107569721115537,0.23107569721115537,0.012338199743474356
0.23207171314741035,0.23207171314741035,0.23207171314741035,0.012498425824336955
0.23306772908366533,0.23306772908366533,0.23306772908366533,0.012660032830912264
0.2340637450199203,0.2340637450199203,0.2340637450199203,0.012823026678638123
0.2350597609561753,0.2350597609561753,0.2350597609561753,0.01298741328261126
0.2360557768924303,0.2360557768924303,0.2360557768924303,0.013153198557579935
0.23705179282868527,0.23705179282868527,0.23705179282868527,0.01332038841793648
0.23804780876494025,0.23804780876494025,0.23804780876494025,0.013488988777709683
0.23904382470119523,0.23904382470119523,0.23904382470119523,0.013659005550557057
0.2400398406374502,0.2400398406374502,0.2400398406374502,0.013830444649756973
0.2410358565737052,0.2410358565737052,0.2410358565737052,0.01400331198820067
0.24203187250996017,0.24203187250996017,0.24203187250996017,0.014177613478384112
0.24302788844621515,0.24302788844621515,0.24302788844621515,0.014353355032399732
0.24402390438247012,0.24402390438247012,0.24402390438247012,0.014530542561928022
0.2450199203187251,0.2450199203187251,0.2450199203187251,0.01470918197822898
0.24601593625498008,0.24601593625498008,0.24601593625498008,0.01488927919213344
0.24701195219123506,0.24701195219123506,0.24701195219123506,0.01507084011403423
0.24800796812749004,0.24800796812749004,0.24800796812749004,0.015253870653877203
0.24900398406374502,0.24900398406374502,0.24900398406374502,0.015438376721152119
0.25,0.25,0.25,0.015624364224883372
0.250996015936255,0.250996015936255,0.250996015936255,0.015811839073620576
0.25199203187250996,0.25199203187250996,0.25199203187250996,0.01600080717542899
0.25298804780876494,0.25298804780876494,0.25298804780876494,0.016191274437879793
0.2539840637450199,0.2539840637450199,0.2539840637450199,0.016383246768040226
0.2549800796812749,0.2549800796812749,0.2549800796812749,0.016576730072463516
0.2559760956175299,0.2559760956175299,0.2559760956175299,0.016771730257178718
0.25697211155378485,0.25697211155378485,0.25697211155378485,0.01696825322768033
0.25796812749003983,0.25796812749003983,0.25796812749003983,0.017166304888917797
0.2589641434262948,0.2589641434262948,0.2589641434262948,0.017365891145284806
0.2599601593625498,0.2599601593625498,0.2599601593625498,0.017567017900608443
0.26095617529880477,0.26095617529880477,0.26095617529880477,0.01776969105813817
0.26195219123505975,0.26195219123505975,0.26195219123505975,0.017973916520534632
0.26294820717131473,0.26294820717131473,0.26294820717131473,0.01817970018985831
0.2639442231075697,0.2639442231075697,0.2639442231075697,0.01838704796755795
0.2649402390438247,0.2649402390438247,0.2649402390438247,0.018595965754458873
0.26593625498007967,0.26593625498007967,0.26593625498007967,0.01880645945075108
0.26693227091633465,0.26693227091633465,0.26693227091633465,0.019018534955977152
0.2679282868525896,0.2679282868525896,0.2679282868525896,0.019232198169020026
0.2689243027888446,0.2689243027888446,0.2689243027888446,0.01944745498809053
0.2699203187250996,0.2699203187250996,0.2699203187250996,0.01966431131071475
0.27091633466135456,0.27091633466135456,0.27091633466135456,0.019882773033721234
0.27191235059760954,0.27191235059760954,0.27191235059760954,0.020102846053227957
0.2729083665338645,0.2729083665338645,0.2729083665338645,0.020324536264629132
0.2739043824701195,0.2739043824701195,0.2739043824701195,0.020547849562581808
0.2749003984063745,0.2749003984063745,0.2749003984063745,0.02077279184099227
0.27589641434262946,0.27589641434262946,0.27589641434262946,0.02099936899300225
0.27689243027888444,0.27689243027888444,0.27689243027888444,0.021227586910974913
0.2778884462151394,0.2778884462151394,0.2778884462151394,0.02145745148648068
0.2788844621513944,0.2788844621513944,0.2788844621513944,0.021688968610282792
0.2798804780876494,0.2798804780876494,0.2798804780876494,0.02192214417232271
0.28087649402390436,0.28087649402390436,0.28087649402390436,0.022156984061705288
0.2818725099601594,0.2818725099601594,0.2818725099601594,0.022393494166683715
0.28286852589641437,0.28286852589641437,0.28286852589641437,0.022631680374644254
0.28386454183266935,0.28386454183266935,0.28386454183266935,0.022871548572090807
0.2848605577689243,0.2848605577689243,0.2848605577689243,0.023113104644629182
0.2858565737051793,0.2858565737051793,0.2858565737051793,0.023356354476951186
0.2868525896414343,0.2868525896414343,0.2868525896414343,0.023601303952818488
0.28784860557768926,0.28784860557768926,0.28784860557768926,0.023847958955046242
0.28884462151394424,0.28884462151394424,0.28884462151394424,0.02409632536548649
0.2898406374501992,0.2898406374501992,0.2898406374501992,0.024346409065011346
0.2908366533864542,0.2908366533864542,0.2908366533864542,0.024598215933495895
0.2918326693227092,0.2918326693227092,0.2918326693227092,0.024851751849800943
0.29282868525896416,0.29282868525896416,0.29282868525896416,0.025107022691755417
0.29382470119521914,0.29382470119521914,0.29382470119521914,0.025364034336138645
0.2948207171314741,0.2948207171314741,0.2948207171314741,0.025622792658662262
0.2958167330677291,0.2958167330677291,0.2958167330677291,0.025883303533952004
0.2968127490039841,0.2968127490039841,0.2968127490039841,0.026145572835529138
0.29780876494023906,0.29780876494023906,0.29780876494023906,0.0264096064357917
0.29880478087649404,0.29880478087649404,0.29880478087649404,0.026675410205995467
0.299800796812749,0.299800796812749,0.299800796812749,0.026942990016234687
0.300796812749004,0.300796812749004,0.300796812749004,0.02721235173542251
0.301792828685259,0.301792828685259,0.301792828685259,0.027483501231271197
0.30278884462151395,0.30278884462151395,0.30278884462151395,0.02775644437027203
0.30378486055776893,0.30378486055776893,0.30378486055776893,0.02803118701767501
0.3047808764940239,0.3047808764940239,0.3047808764940239,0.028307735037468206
0.3057768924302789,0.3057768924302789,0.3057768924302789,0.0285860942923569
0.30677290836653387,0.30677290836653387,0.30677290836653387,0.02886627064374243
0.30776892430278885,0.30776892430278885,0.30776892430278885,0.029148269951700733
0.30876494023904383,0.30876494023904383,0.30876494023904383,0.029432098074960663
0.3097609561752988,0.3097609561752988,0.3097609561752988,0.02971776087088196
0.3107569721115538,0.3107569721115538,0.3107569721115538,0.030005264195432996
0.31175298804780877,0.31175298804780877,0.31175298804780877,0.030294613903168174
0.31274900398406374,0.31274900398406374,0.31274900398406374,0.03058581584720508
0.3137450199203187,0.3137450199203187,0.3137450199203187,0.03087887587920132
0.3147410358565737,0.3147410358565737,0.3147410358565737,0.031173799849331055
0.3157370517928287,0.3157370517928287,0.3157370517928287,0.031470593606261255
0.31673306772908366,0.31673306772908366,0.31673306772908366,0.03176926299712762
0.31772908366533864,0.31772908366533864,0.31772908366533864,0.032069813867510254
0.3187250996015936,0.3187250996015936,0.3187250996015936,0.03237225206140892
0.3197211155378486,0.3197211155378486,0.3197211155378486,0.032676583421218125
0.3207171314741036,0.3207171314741036,0.3207171314741036,0.032982813787701785
0.32171314741035856,0.32171314741035856,0.32171314741035856,0.033290948999967596
0.32270916334661354,0.32270916334661354,0.32270916334661354,0.033600994895441105
0.3237051792828685,0.3237051792828685,0.3237051792828685,0.03391295730983947
0.3247011952191235,0.3247011952191235,0.3247011952191235,0.034226842077144805
0.3256972111553785,0.3256972111553785,0.3256972111553785,0.034542655029577325
0.32669322709163345,0.32669322709163345,0.32669322709163345,0.03486040199756809
0.32768924302788843,0.32768924302788843,0.32768924302788843,0.035180088809731364
0.3286852589641434,0.3286852589641434,0.3286852589641434,0.035501721292836734
0.3296812749003984,0.3296812749003984,0.3296812749003984,0.035825305271780815
0.33067729083665337,0.33067729083665337,0.33067729083665337,0.03615084656955866
0.33167330677290835,0.33167330677290835,0.33167330677290835,0.036478351007234774
0.33266932270916333,0.33266932270916333,0.33266932270916333,0.03680782440391383
0.3336653386454183,0.3336653386454183,0.3336653386454183,0.037139272576710965
0.3346613545816733,0.3346613545816733,0.3346613545816733,0.037472701340721774
0.33565737051792827,0.33565737051792827,0.33565737051792827,0.03780811650899192
0.33665338645418325,0.33665338645418325,0.33665338645418325,0.03814552389248639
0.3376494023904382,0.3376494023904382,0.3376494023904382,0.03848492930005837
0.3386454183266932,0.3386454183266932,0.3386454183266932,0.03882633853841774
0.3396414342629482,0.3396414342629482,0.3396414342629482,0.039169757412099264
0.34063745019920316,0.34063745019920316,0.34063745019920316,0.039515191723430286
0.34163346613545814,0.34163346613545814,0.34163346613545814,0.039862647272498136
0.3426294820717131,0.3426294820717131,0.3426294820717131,0.040212129857117154
0.3436254980079681,0.3436254980079681,0.3436254980079681,0.04056364527279526
0.34462151394422313,0.34462151394422313,0.34462151394422313,0.04091719931270019
0.3456175298804781,0.3456175298804781,0.3456175298804781,0.04127279776762528
0.3466135458167331,0.3466135458167331,0.3466135458167331,0.04163044642595498
0.34760956175298807,0.34760956175298807,0.34760956175298807,0.0419901510736298
0.34860557768924305,0.34860557768924305,0.34860557768924305,0.04235191749411098
0.34960159362549803,0.34960159362549803,0.34960159362549803,0.04271575146834466
0.350597609561753,0.350597609561753,0.350597609561753,0.04308165877472574
0.351593625498008,0.351593625498008,0.351593625498008,0.04344964518906119
0.35258964143426297,0.35258964143426297,0.35258964143426297,0.043819716484533124
0.35358565737051795,0.35358565737051795,0.35358565737051795,0.04419187843166124
0.3545816733067729,0.3545816733067729,0.3545816733067729,0.04456613679826503
0.3555776892430279,0.3555776892430279,0.3555776892430279,0.0449424973494254
0.3565737051792829,0.3565737051792829,0.3565737051792829,0.045320965847446014
0.35756972111553786,0.35756972111553786,0.35756972111553786,0.04570154805181404
0.35856573705179284,0.35856573705179284,0.35856573705179284,0.046084249719160565
0.3595617529880478,0.3595617529880478,0.3595617529880478,0.04646907660322057
0.3605577689243028,0.3605577689243028,0.3605577689243028,0.046856034454792396
0.3615537848605578,0.3615537848605578,0.3615537848605578,0.047245129021696745
0.36254980079681276,0.36254980079681276,0.36254980079681276,0.04763636604873537
0.36354581673306774,0.36354581673306774,0.36354581673306774,0.04802975127764912
0.3645418326693227,0.3645418326693227,0.3645418326693227,0.048425290447075636
0.3655378486055777,0.3655378486055777,0.3655378486055777,0.048822989292506565
0.3665338645418327,0.3665338645418327,0.3665338645418327,0.0492228535462443
0.36752988047808766,0.36752988047808766,0.36752988047808766,0.04962488893735819
0.36852589641434264,0.36852589641434264,0.36852589641434264,0.05002910119164039
0.3695219123505976,0.3695219123505976,0.3695219123505976,0.05043549603156113
0.3705179282868526,0.3705179282868526,0.3705179282868526,0.050844079176223515
0.3715139442231076,0.3715139442231076,0.3715139442231076,0.051254856341317906
0.37250996015936255,0.37250996015936255,0.37250996015936255,0.05166783323907568
0.37350597609561753,0.37350597609561753,0.37350597609561753,0.05208301557822265
0.3745019920318725,0.3745019920318725,0.3745019920318725,0.05250040906393184
0.3754980079681275,0.3754980079681275,0.3754980079681275,0.05292001939777584
0.37649402390438247,0.37649402390438247,0.37649402390438247,0.05334185227767865
0.37749003984063745,0.37749003984063745,0.37749003984063745,0.05376591339786695
0.3784860557768924,0.3784860557768924,0.3784860557768924,0.054192208448820944
0.3794820717131474,0.3794820717131474,0.3794820717131474,0.0546207431172246
0.3804780876494024,0.3804780876494024,0.3804780876494024,0.055051523085915384
0.38147410358565736,0.38147410358565736,0.38147410358565736,0.05548455403383354
0.38247011952191234,0.38247011952191234,0.38247011952191234,0.055919841635970725
0.3834661354581673,0.3834661354581673,0.3834661354581673,0.0563573915633182
0.3844621513944223,0.3844621513944223,0.3844621513944223,0.05679720948281435
0.3854581673306773,0.3854581673306773,0.3854581673306773,0.057239301057291914
0.38645418326693226,0.38645418326693226,0.38645418326693226,0.057683671945424314
0.38745019920318724,0.38745019920318724,0.38745019920318724,0.05813032780167174
0.3884462151394422,0.3884462151394422,0.3884462151394422,0.058579274276226515
0.3894422310756972,0.3894422310756972,0.3894422310756972,0.0590305170149579
0.3904382470119522,0.3904382470119522,0.3904382470119522,0.05948406165935642
0.39143426294820716,0.39143426294820716,0.39143426294820716,0.05993991384647755
0.39243027888446214,0.39243027888446214,0.39243027888446214,0.060398079208884826
0.3934262948207171,0.3934262948207171,0.3934262948207171,0.06085856337459239
0.3944223107569721,0.3944223107569721,0.3944223107569721,0.06132137196700697
0.3954183266932271,0.3954183266932271,0.3954183266932271,0.061786510604869276
0.39641434262948205,0.39641434262948205,0.39641434262948205,0.06225398490219473
0.39741035856573703,0.39741035856573703,0.39741035856573703,0.06272380046821366
0.398406374501992,0.398406374501992,0.398406374501992,0.06319596290731096
0.399402390438247,0.399402390438247,0.399402390438247,0.06367047781896491
0.40039840637450197,0.40039840637450197,0.40039840637450197,0.06414735079768576
0.40139442231075695,0.40139442231075695,0.40139442231075695,0.06462658743295327
0.40239043824701193,0.40239043824701193,0.40239043824701193,0.06510819330915396
0.4033864541832669,0.4033864541832669,0.4033864541832669,0.0655921740055176
0.4043824701195219,0.4043824701195219,0.4043824701195219,0.0660785350960531
0.40537848605577687,0.40537848605577687,0.40537848605577687,0.06656728214948374
0.4063745019920319,0.4063745019920319,0.4063745019920319,0.06705842072918174
0.4073705179282869,0.4073705179282869,0.4073705179282869,0.06755195639310228
0.40836653386454186,0.40836653386454186,0.40836653386454186,0.06804789469371685
0.40936254980079684,0.40936254980079684,0.40936254980079684,0.06854624117794582
0.4103585657370518,0.4103585657370518,0.4103585657370518,0.06904700138709051
0.4113545816733068,0.4113545816733068,0.4113545816733068,0.0695501808567646
0.4123505976095618,0.4123505976095618,0.4123505976095618,0.07005578511682473
0.41334661354581675,0.41334661354581675,0.41334661354581675,0.07056381969130046
0.41434262948207173,0.41434262948207173,0.41434262948207173,0.07107429009832382
0.4153386454183267,0.4153386454183267,0.4153386454183267,0.07158720185005771
0.4163346613545817,0.4163346613545817,0.4163346613545817,0.07210256045262411
0.41733067729083667,0.41733067729083667,0.41733067729083667,0.0726203714060312
0.41832669322709165,0.41832669322709165,0.41832669322709165,0.07314064020410002
0.41932270916334663,0.41932270916334663,0.41932270916334663,0.07366337233439037
0.4203187250996016,0.4203187250996016,0.4203187250996016,0.07418857327812595
0.4213147410358566,0.4213147410358566,0.4213147410358566,0.07471624851011893
0.42231075697211157,0.42231075697211157,0.42231075697211157,0.0752464034986936
0.42330677290836655,0.42330677290836655,0.42330677290836655,0.07577904370560949
0.4243027888446215,0.4243027888446215,0.4243027888446215,0.07631417458598368
0.4252988047808765,0.4252988047808765,0.4252988047808765,0.07685180158821238
0.4262948207171315,0.4262948207171315,0.4262948207171315,0.07739193015389181
0.42729083665338646,0.42729083665338646,0.42729083665338646,0.07793456571773832
0.42828685258964144,0.42828685258964144,0.42828685258964144,0.07847971370750771
0.4292828685258964,0.4292828685258964,0.4292828685258964,0.07902737954391398
0.4302788844621514,0.4302788844621514,0.4302788844621514,0.07957756864054706
0.4312749003984064,0.4312749003984064,0.4312749003984064,0.08013028640379005
0.43227091633466136,0.43227091633466136,0.43227091633466136,0.08068553823273551
0.43326693227091634,0.43326693227091634,0.43326693227091634,0.08124332951910104
0.4342629482071713,0.4342629482071713,0.4342629482071713,0.0818036656471441
0.4352589641434263,0.4352589641434263,0.4352589641434263,0.08236655199357606
0.4362549800796813,0.4362549800796813,0.4362549800796813,0.08293199392747544
0.43725099601593626,0.43725099601593626,0.43725099601593626,0.08349999681020027
0.43824701195219123,0.43824701195219123,0.43824701195219123,0.08407056599529994
0.4392430278884462,0.4392430278884462,0.4392430278884462,0.08464370682842585
0.4402390438247012,0.4402390438247012,0.4402390438247012,0.08521942464724162
0.44123505976095617,0.44123505976095617,0.44123505976095617,0.08579772478133227
0.44223107569721115,0.44223107569721115,0.44223107569721115,0.0863786125521126
0.44322709163346613,0.44322709163346613,0.44322709163346613,0.08696209327273492
0.4442231075697211,0.4442231075697211,0.4442231075697211,0.08754817224799571
0.4452191235059761,0.4452191235059761,0.4452191235059761,0.0881368547742416
0.44621513944223107,0.44621513944223107,0.44621513944223107,0.08872814613927449
0.44721115537848605,0.44721115537848605,0.44721115537848605,0.08932205162225584
0.448207171314741,0.448207171314741,0.448207171314741,0.08991857649361003
0.449203187250996,0.449203187250996,0.449203187250996,0.09051772601492693
0.450199203187251,0.450199203187251,0.450199203187251,0.09111950543886368
0.45119521912350596,0.45119521912350596,0.45119521912350596,0.09172392000904546
0.45219123505976094,0.45219123505976094,0.45219123505976094,0.09233097495996541
0.4531872509960159,0.4531872509960159,0.4531872509960159,0.09294067551688384
0.4541832669322709,0.4541832669322709,0.4541832669322709,0.09355302689572638
0.4551792828685259,0.4551792828685259,0.4551792828685259,0.0941680343029813
0.45617529880478086,0.45617529880478086,0.45617529880478086,0.09478570293559595
0.45717131474103584,0.45717131474103584,0.45717131474103584,0.0954060379808723
0.4581673306772908,0.4581673306772908,0.4581673306772908,0.09602904461636153
0.4591633466135458,0.4591633466135458,0.4591633466135458,0.09665472800975786
0.4601593625498008,0.4601593625498008,0.4601593625498008,0.09728309331879122
0.46115537848605576,0.46115537848605576,0.46115537848605576,0.09791414569111921
0.46215139442231074,0.46215139442231074,0.46215139442231074,0.0985478902642181
0.4631474103585657,0.4631474103585657,0.4631474103585657,0.09918433216527275
0.4641434262948207,0.4641434262948207,0.4641434262948207,0.09982347651106575
0.4651394422310757,0.4651394422310757,0.4651394422310757,0.10046532840786564
0.46613545816733065,0.46613545816733065,0.46613545816733065,0.10110989295131396
0.46713147410358563,0.46713147410358563,0.46713147410358563,0.10175717522631167
0.4681274900398406,0.4681274900398406,0.4681274900398406,0.10240718030690421
0.46912350597609564,0.46912350597609564,0.46912350597609564,0.10305991325616612
0.4701195219123506,0.4701195219123506,0.4701195219123506,0.10371537912608399
0.4711155378486056,0.4711155378486056,0.4711155378486056,0.10437358295743922
0.4721115537848606,0.4721115537848606,0.4721115537848606,0.10503452977968916
0.47310756972111556,0.47310756972111556,0.47310756972111556,0.10569822461084757
0.47410358565737054,0.47410358565737054,0.47410358565737054,0.10636467245736402
0.4750996015936255,0.4750996015936255,0.4750996015936255,0.10703387831400227
0.4760956175298805,0.4760956175298805,0.4760956175298805,0.10770584716371769
0.4770916334661355,0.4770916334661355,0.4770916334661355,0.10838058397753357
0.47808764940239046,0.47808764940239046,0.47808764940239046,0.10905809371441656
0.47908366533864544,0.47908366533864544,0.47908366533864544,0.10973838132115095
0.4800796812749004,0.4800796812749004,0.4800796812749004,0.1104214517322119
0.4810756972111554,0.4810756972111554,0.4810756972111554,0.11110730986963793
0.4820717131474104,0.4820717131474104,0.4820717131474104,0.11179596064290183
0.48306772908366535,0.48306772908366535,0.48306772908366535,0.11248740894878106
0.48406374501992033,0.48406374501992033,0.48406374501992033,0.11318165967122676
0.4850597609561753,0.4850597609561753,0.4850597609561753,0.11387871768123183
0.4860557768924303,0.4860557768924303,0.4860557768924303,0.11457858783669789
0.48705179282868527,0.48705179282868527,0.48705179282868527,0.11528127498230126
0.48804780876494025,0.48804780876494025,0.48804780876494025,0.1159867839493577
0.48904382470119523,0.48904382470119523,0.48904382470119523,0.1166951195556862
0.4900398406374502,0.4900398406374502,0.4900398406374502,0.11740628660547166
0.4910358565737052,0.4910358565737052,0.4910358565737052,0.11812028988912636
0.49203187250996017,0.49203187250996017,0.49203187250996017,0.11883713418315048
0.49302788844621515,0.49302788844621515,0.49302788844621515,0.11955682424999146
0.4940239043824701,0.4940239043824701,0.4940239043824701,0.12027936483790215
0.4950199203187251,0.4950199203187251,0.4950199203187251,0.12100476068079795
0.4960159362549801,0.4960159362549801,0.4960159362549801,0.12173301649811277
0.49701195219123506,0.49701195219123506,0.49701195219123506,0.12246413699465392
0.49800796812749004,0.49800796812749004,0.49800796812749004,0.12319812686045567
0.499003984063745,0.499003984063745,0.499003984063745,0.12393499077063198
0.5,0.5,0.5,0.12467473338522769
0.500996015936255,0.500996015936255,0.500996015936255,0.12541735934906897
0.50199203187251,0.50199203187251,0.50199203187251,0.12616287329161216
0.5029880478087649,0.5029880478087649,0.5029880478087649,0.12691127982679185
0.5039840637450199,0.5039840637450199,0.5039840637450199,0.1276625835528675
0.5049800796812749,0.5049800796812749,0.5049800796812749,0.12841678905226891
0.5059760956175299,0.5059760956175299,0.5059760956175299,0.12917390089144076
0.5069721115537849,0.5069721115537849,0.5069721115537849,0.12993392362068543
0.5079681274900398,0.5079681274900398,0.5079681274900398,0.13069686177400527
0.5089641434262948,0.5089641434262948,0.5089641434262948,0.13146271986894306
0.5099601593625498,0.5099601593625498,0.5099601593625498,0.13223150240642165
0.5109561752988048,0.5109561752988048,0.5109561752988048,0.13300321387058212
0.5119521912350598,0.5119521912350598,0.5119521912350598,0.13377785872862108
0.5129482071713147,0.5129482071713147,0.5129482071713147,0.1345554414306261
0.5139442231075697,0.5139442231075697,0.5139442231075697,0.13533596640941054
0.5149402390438247,0.5149402390438247,0.5149402390438247,0.1361194380803469
0.5159362549800797,0.5159362549800797,0.5159362549800797,0.13690586084119863
0.5169322709163346,0.5169322709163346,0.5169322709163346,0.13769523907195116
0.5179282868525896,0.5179282868525896,0.5179282868525896,0.13848757713464135
0.5189243027888446,0.5189243027888446,0.5189243027888446,0.1392828793731857
0.5199203187250996,0.5199203187250996,0.5199203187250996,0.14008115011320738
0.5209163346613546,0.5209163346613546,0.5209163346613546,0.14088239366186178
0.5219123505976095,0.5219123505976095,0.5219123505976095,0.1416866143076612
0.5229083665338645,0.5229083665338645,0.5229083665338645,0.1424938163202975
0.5239043824701195,0.5239043824701195,0.5239043824701195,0.14330400395046422
0.5249003984063745,0.5249003984063745,0.5249003984063745,0.14411718142967692
0.5258964143426295,0.5258964143426295,0.5258964143426295,0.14493335297009227
0.5268924302788844,0.5268924302788844,0.5268924302788844,0.14575252276432588
0.5278884462151394,0.5278884462151394,0.5278884462151394,0.14657469498526884
0.5288844621513944,0.5288844621513944,0.5288844621513944,0.14739987378590275
0.5298804780876494,0.5298804780876494,0.5298804780876494,0.14822806329911356
0.5308764940239044,0.5308764940239044,0.5308764940239044,0.14905926763750404
0.5318725099601593,0.5318725099601593,0.5318725099601593,0.14989349089320467
0.5328685258964143,0.5328685258964143,0.5328685258964143,0.1507307371376836
0.5338645418326693,0.5338645418326693,0.5338645418326693,0.15157101042155469
0.5348605577689243,0.5348605577689243,0.5348605577689243,0.15241431477438475
0.5358565737051793,0.5358565737051793,0.5358565737051793,0.15326065420449878
0.5368525896414342,0.5368525896414342,0.5368525896414342,0.15411003269878437
0.5378486055776892,0.5378486055776892,0.5378486055776892,0.15496245422249436
0.5388446215139442,0.5388446215139442,0.5388446215139442,0.15581792271904812
0.5398406374501992,0.5398406374501992,0.5398406374501992,0.15667644210983167
0.5408366533864541,0.5408366533864541,0.5408366533864541,0.15753801629399602
0.5418326693227091,0.5418326693227091,0.5418326693227091,0.15840264914825436
0.5428286852589641,0.5428286852589641,0.5428286852589641,0.15927034452667752
0.5438247011952191,0.5438247011952191,0.5438247011952191,0.16014110626048858
0.5448207171314741,0.5448207171314741,0.5448207171314741,0.16101493815785514
0.545816733067729,0.545816733067729,0.545816733067729,0.1618918440036809
0.546812749003984,0.546812749003984,0.546812749003984,0.16277182755939557
0.547808764940239,0.547808764940239,0.547808764940239,0.16365489256274302
0.548804780876494,0.548804780876494,0.548804780876494,0.1645410427275683
0.549800796812749,0.549800796812749,0.549800796812749,0.16543028174360314
0.5507968127490039,0.5507968127490039,0.5507968127490039,0.16632261327624967
0.5517928286852589,0.5517928286852589,0.5517928286852589,0.16721804096636306
0.5527888446215139,0.5527888446215139,0.5527888446215139,0.16811656843003225
0.5537848605577689,0.5537848605577689,0.5537848605577689,0.16901819925835962
0.5547808764940239,0.5547808764940239,0.5547808764940239,0.1699229370172387
0.5557768924302788,0.5557768924302788,0.5557768924302788,0.17083078524713058
0.5567729083665338,0.5567729083665338,0.5567729083665338,0.17174174746283888
0.5577689243027888,0.5577689243027888,0.5577689243027888,0.1726558271532829
0.5587649402390438,0.5587649402390438,0.5587649402390438,0.1735730277812696
0.5597609561752988,0.5597609561752988,0.5597609561752988,0.1744933527832636
0.5607569721115537,0.5607569721115537,0.5607569721115537,0.17541680556915618
0.5617529880478087,0.5617529880478087,0.5617529880478087,0.1763433895220319
0.5627490039840638,0.5627490039840638,0.5627490039840638,0.1772731079979348
0.5637450199203188,0.5637450199203188,0.5637450199203188,0.1782059643256315
0.5647410358565738,0.5647410358565738,0.5647410358565738,0.17914196180637448
0.5657370517928287,0.5657370517928287,0.5657370517928287,0.18008110371366237
0.5667330677290837,0.5667330677290837,0.5667330677290837,0.18102339329299924
0.5677290836653387,0.5677290836653387,0.5677290836653387,0.18196883376165224
0.5687250996015937,0.5687250996015937,0.5687250996015937,0.18291742830840746
0.5697211155378487,0.5697211155378487,0.5697211155378487,0.18386918009332448
0.5707171314741036,0.5707171314741036,0.5707171314741036,0.18482409224748905
0.5717131474103586,0.5717131474103586,0.5717131474103586,0.1857821678727641
0.5727091633466136,0.5727091633466136,0.5727091633466136,0.18674341004153944
0.5737051792828686,0.5737051792828686,0.5737051792828686,0.18770782179647935
0.5747011952191236,0.5747011952191236,0.5747011952191236,0.1886754061502689
0.5756972111553785,0.5756972111553785,0.5756972111553785,0.18964616608535864
0.5766932270916335,0.5766932270916335,0.5766932270916335,0.1906201045537071
0.5776892430278885,0.5776892430278885,0.5776892430278885,0.19159722447652225
0.5786852589641435,0.5786852589641435,0.5786852589641435,0.19257752874400114
0.5796812749003984,0.5796812749003984,0.5796812749003984,0.19356102021506735
0.5806772908366534,0.5806772908366534,0.5806772908366534,0.19454770171710745
0.5816733067729084,0.5816733067729084,0.5816733067729084,0.19553757604570546
0.5826693227091634,0.5826693227091634,0.5826693227091634,0.19653064596437542
0.5836653386454184,0.5836653386454184,0.5836653386454184,0.19752691420429264
0.5846613545816733,0.5846613545816733,0.5846613545816733,0.19852638346402277
0.5856573705179283,0.5856573705179283,0.5856573705179283,0.19952905640924976
0.5866533864541833,0.5866533864541833,0.5866533864541833,0.20053493567250139
0.5876494023904383,0.5876494023904383,0.5876494023904383,0.20154402385287373
0.5886454183266933,0.5886454183266933,0.5886454183266933,0.2025563235157532
0.5896414342629482,0.5896414342629482,0.5896414342629482,0.20357183719253755
0.5906374501992032,0.5906374501992032,0.5906374501992032,0.20459056738035467
0.5916334661354582,0.5916334661354582,0.5916334661354582,0.20561251654177945
0.5926294820717132,0.5926294820717132,0.5926294820717132,0.20663768710454966
0.5936254980079682,0.5936254980079682,0.5936254980079682,0.20766608146127907
0.5946215139442231,0.5946215139442231,0.5946215139442231,0.20869770196916954
0.5956175298804781,0.5956175298804781,0.5956175298804781,0.20973255094972099
0.5966135458167331,0.5966135458167331,0.5966135458167331,0.21077063068843954
0.5976095617529881,0.5976095617529881,0.5976095617529881,0.21181194343454418
0.598605577689243,0.598605577689243,0.598605577689243,0.21285649140067114
0.599601593625498,0.599601593625498,0.599601593625498,0.21390427676257676
0.600597609561753,0.600597609561753,0.600597609561753,0.21495530165883872
0.601593625498008,0.601593625498008,0.601593625498008,0.21600956819055486
0.602589641434263,0.602589641434263,0.602589641434263,0.21706707842104087
0.603585657370518,0.603585657370518,0.603585657370518,0.2181278343755255
0.6045816733067729,0.6045816733067729,0.6045816733067729,0.21919183804084433
0.6055776892430279,0.6055776892430279,0.6055776892430279,0.22025909136513178
0.6065737051792829,0.6065737051792829,0.6065737051792829,0.2213295962575107
0.6075697211155379,0.6075697211155379,0.6075697211155379,0.22240335458778077
0.6085657370517928,0.6085657370517928,0.6085657370517928,0.2234803681861045
0.6095617529880478,0.6095617529880478,0.6095617529880478,0.22456063884269184
0.6105577689243028,0.6105577689243028,0.6105577689243028,0.22564416830748232
0.6115537848605578,0.6115537848605578,0.6115537848605578,0.22673095828982587
0.6125498007968128,0.6125498007968128,0.6125498007968128,0.22782101045816155
0.6135458167330677,0.6135458167330677,0.6135458167330677,0.2289143264396941
0.6145418326693227,0.6145418326693227,0.6145418326693227,0.23001090782006894
0.6155378486055777,0.6155378486055777,0.6155378486055777,0.23111075614304535
0.6165338645418327,0.6165338645418327,0.6165338645418327,0.23221387291016715
0.6175298804780877,0.6175298804780877,0.6175298804780877,0.23332025958043215
0.6185258964143426,0.6185258964143426,0.6185258964143426,0.23442991756995918
0.6195219123505976,0.6195219123505976,0.6195219123505976,0.23554284825165345
0.6205179282868526,0.6205179282868526,0.6205179282868526,0.23665905295486983
0.6215139442231076,0.6215139442231076,0.6215139442231076,0.23777853296507429
0.6225099601593626,0.6225099601593626,0.6225099601593626,0.23890128952350326
0.6235059760956175,0.6235059760956175,0.6235059760956175,0.2400273238268212
0.6245019920318725,0.6245019920318725,0.6245019920318725,0.24115663702677603
0.6254980079681275,0.6254980079681275,0.6254980079681275,0.2422892302298528
0.6264940239043825,0.6264940239043825,0.6264940239043825,0.24342510449692506
0.6274900398406374,0.6274900398406374,0.6274900398406374,0.2445642608429046
0.6284860557768924,0.6284860557768924,0.6284860557768924,0.24570670023638905
0.6294820717131474,0.6294820717131474,0.6294820717131474,0.2468524235993075
0.6304780876494024,0.6304780876494024,0.6304780876494024,0.248001431806564
0.6314741035856574,0.6314741035856574,0.6314741035856574,0.2491537256856794
0.6324701195219123,0.6324701195219123,0.6324701195219123,0.25030930601643064
0.6334661354581673,0.6334661354581673,0.6334661354581673,0.2514681735304888
0.6344621513944223,0.6344621513944223,0.6344621513944223,0.2526303289110541
0.6354581673306773,0.6354581673306773,0.6354581673306773,0.2537957727924901
0.6364541832669323,0.6364541832669323,0.6364541832669323,0.25496450575995466
0.6374501992031872,0.6374501992031872,0.6374501992031872,0.2561365283490298
0.6384462151394422,0.6384462151394422,0.6384462151394422,0.25731184104534904
0.6394422310756972,0.6394422310756972,0.6394422310756972,0.25849044428422285
0.6404382470119522,0.6404382470119522,0.6404382470119522,0.2596723384502619
0.6414342629482072,0.6414342629482072,0.6414342629482072,0.2608575238769984
0.6424302788844621,0.6424302788844621,0.6424302788844621,0.26204600084650564
0.6434262948207171,0.6434262948207171,0.6434262948207171,0.26323776958901485
0.6444223107569721,0.6444223107569721,0.6444223107569721,0.2644328302825303
0.6454183266932271,0.6454183266932271,0.6454183266932271,0.26563118305244265
0.646414342629482,0.646414342629482,0.646414342629482,0.26683282797113966
0.647410358565737,0.647410358565737,0.647410358565737,0.2680377650576153
0.648406374501992,0.648406374501992,0.648406374501992,0.2692459942770762
0.649402390438247,0.649402390438247,0.649402390438247,0.2704575155405468
0.650398406374502,0.650398406374502,0.650398406374502,0.2716723287044717
0.651394422310757,0.651394422310757,0.651394422310757,0.2728904335703164
0.6523904382470119,0.6523904382470119,0.6523904382470119,0.27411182988416516
0.6533864541832669,0.6533864541832669,0.6533864541832669,0.27533651733631803
0.6543824701195219,0.6543824701195219,0.6543824701195219,0.2765644955608847
0.6553784860557769,0.6553784860557769,0.6553784860557769,0.2777957641353764
0.6563745019920318,0.6563745019920318,0.6563745019920318,0.27903032258029614
0.6573705179282868,0.6573705179282868,0.6573705179282868,0.28026817035872653
0.6583665338645418,0.6583665338645418,0.6583665338645418,0.2815093068759152
0.6593625498007968,0.6593625498007968,0.6593625498007968,0.2827537314788586
0.6603585657370518,0.6603585657370518,0.6603585657370518,0.28400144345588346
0.6613545816733067,0.6613545816733067,0.6613545816733067,0.28525244203622596
0.6623505976095617,0.6623505976095617,0.6623505976095617,0.2865067263896088
0.6633466135458167,0.6633466135458167,0.6633466135458167,0.28776429562581624
0.6643426294820717,0.6643426294820717,0.6643426294820717,0.2890251487942673
0.6653386454183267,0.6653386454183267,0.6653386454183267,0.2902892848835857
0.6663346613545816,0.6663346613545816,0.6663346613545816,0.2915567028211692
0.6673306772908366,0.6673306772908366,0.6673306772908366,0.2928274014727552
0.6683266932270916,0.6683266932270916,0.6683266932270916,0.2941013796419856
0.6693227091633466,0.6693227091633466,0.6693227091633466,0.29537863606996845
0.6703187250996016,0.6703187250996016,0.6703187250996016,0.29665916943483783
0.6713147410358565,0.6713147410358565,0.6713147410358565,0.29794297835131156
0.6723107569721115,0.6723107569721115,0.6723107569721115,0.2992300613702467
0.6733067729083665,0.6733067729083665,0.6733067729083665,0.3005204169781931
0.6743027888446215,0.6743027888446215,0.6743027888446215,0.301814043596944
0.6752988047808764,0.6752988047808764,0.6752988047808764,0.30311093958308544
0.6762948207171314,0.6762948207171314,0.6762948207171314,0.304411103227543
0.6772908366533864,0.6772908366533864,0.6772908366533864,0.3057145327551259
0.6782868525896414,0.6782868525896414,0.6782868525896414,0.30702122632407003
0.6792828685258964,0.6792828685258964,0.6792828685258964,0.30833118202557747
0.6802788844621513,0.6802788844621513,0.6802788844621513,0.30964439788335507
0.6812749003984063,0.6812749003984063,0.6812749003984063,0.3109608718531497
0.6822709163346613,0.6822709163346613,0.6822709163346613,0.312280601822282
0.6832669322709163,0.6832669322709163,0.6832669322709163,0.3136035856091779
0.6842629482071713,0.6842629482071713,0.6842629482071713,0.3149298209628976
0.6852589641434262,0.6852589641434262,0.6852589641434262,0.31625930556266246
0.6862549800796812,0.6862549800796812,0.6862549800796812,0.3175920370173799
0.6872509960159362,0.6872509960159362,0.6872509960159362,0.3189280128651657
0.6882470119521913,0.6882470119521913,0.6882470119521913,0.32026723057286455
0.6892430278884463,0.6892430278884463,0.6892430278884463,0.32160968753556757
0.6902390438247012,0.6902390438247012,0.6902390438247012,0.3229553810761291
0.6912350597609562,0.6912350597609562,0.6912350597609562,0.3243043084446794
0.6922310756972112,0.6922310756972112,0.6922310756972112,0.32565646681813676
0.6932270916334662,0.6932270916334662,0.6932270916334662,0.3270118532997164
0.6942231075697212,0.6942231075697212,0.6942231075697212,0.3283704649184371
0.6952191235059761,0.6952191235059761,0.6952191235059761,0.32973229862862663
0.6962151394422311,0.6962151394422311,0.6962151394422311,0.3310973513094238
0.6972111553784861,0.6972111553784861,0.6972111553784861,0.3324656197642791
0.6982071713147411,0.6982071713147411,0.6982071713147411,0.3338371007204521
0.6992031872509961,0.6992031872509961,0.6992031872509961,0.33521179082850805
0.700199203187251,0.700199203187251,0.700199203187251,0.3365896866618112
0.701195219123506,0.701195219123506,0.701195219123506,0.3379707847160162
0.702191235059761,0.702191235059761,0.702191235059761,0.33935508140855697
0.703187250996016,0.703187250996016,0.703187250996016,0.3407425730781341
0.704183266932271,0.704183266932271,0.704183266932271,0.3421332559841993
0.7051792828685259,0.7051792828685259,0.7051792828685259,0.34352712630643784
0.7061752988047809,0.7061752988047809,0.7061752988047809,0.34492418014424897
0.7071713147410359,0.7071713147410359,0.7071713147410359,0.34632441351622356
0.7081673306772909,0.7081673306772909,0.7081673306772909,0.34772782235962063
0.7091633466135459,0.7091633466135459,0.7091633466135459,0.34913440252984
0.7101593625498008,0.7101593625498008,0.7101593625498008,0.35054414979989434
0.7111553784860558,0.7111553784860558,0.7111553784860558,0.3519570598598779
0.7121513944223108,0.7121513944223108,0.7121513944223108,0.3533731283164335
0.7131474103585658,0.7131474103585658,0.7131474103585658,0.3547923506922175
0.7141434262948207,0.7141434262948207,0.7141434262948207,0.35621472242536145
0.7151394422310757,0.7151394422310757,0.7151394422310757,0.3576402388689334
0.7161354581673307,0.7161354581673307,0.7161354581673307,0.3590688952903951
0.7171314741035857,0.7171314741035857,0.7171314741035857,0.36050068687105796
0.7181274900398407,0.7181274900398407,0.7181274900398407,0.36193560870553704
0.7191235059760956,0.7191235059760956,0.7191235059760956,0.3633736558012018
0.7201195219123506,0.7201195219123506,0.7201195219123506,0.36481482307762586
0.7211155378486056,0.7211155378486056,0.7211155378486056,0.36625910536603346
0.7221115537848606,0.7221115537848606,0.7221115537848606,0.36770649740874445
0.7231075697211156,0.7231075697211156,0.7231075697211156,0.369156993858617
0.7241035856573705,0.7241035856573705,0.7241035856573705,0.3706105892784876
0.7250996015936255,0.7250996015936255,0.7250996015936255,0.3720672781406093
0.7260956175298805,0.7260956175298805,0.7260956175298805,0.373527054826088
0.7270916334661355,0.7270916334661355,0.7270916334661355,0.3749899136243157
0.7280876494023905,0.7280876494023905,0.7280876494023905,0.37645584873240245
0.7290836653386454,0.7290836653386454,0.7290836653386454,0.3779248542546055
0.7300796812749004,0.7300796812749004,0.7300796812749004,0.37939692420175675
0.7310756972111554,0.7310756972111554,0.7310756972111554,0.3808720524906876
0.7320717131474104,0.7320717131474104,0.7320717131474104,0.38235023294365206
0.7330677290836654,0.7330677290836654,0.7330677290836654,0.38383145928774703
0.7340637450199203,0.7340637450199203,0.7340637450199203,0.38531572515433116
0.7350597609561753,0.7350597609561753,0.7350597609561753,0.3868030240784411
0.7360557768924303,0.7360557768924303,0.7360557768924303,0.38829334949820576
0.7370517928286853,0.7370517928286853,0.7370517928286853,0.38978669475425853
0.7380478087649402,0.7380478087649402,0.7380478087649402,0.3912830530891467
0.7390438247011952,0.7390438247011952,0.7390438247011952,0.39278241764673977
0.7400398406374502,0.7400398406374502,0.7400398406374502,0.3942847814716348
0.7410358565737052,0.7410358565737052,0.7410358565737052,0.3957901375085601
0.7420318725099602,0.7420318725099602,0.7420318725099602,0.3972984786017765
0.7430278884462151,0.7430278884462151,0.7430278884462151,0.39880979749447654
0.7440239043824701,0.7440239043824701,0.7440239043824701,0.4003240868281817
0.7450199203187251,0.7450199203187251,0.7450199203187251,0.4018413391421378
0.7460159362549801,0.7460159362549801,0.7460159362549801,0.4033615468727074
0.7470119521912351,0.7470119521912351,0.7470119521912351,0.40488470235276075
0.74800796812749,0.74800796812749,0.74800796812749,0.40641079781106504
0.749003984063745,0.749003984063745,0.749003984063745,0.40793982537167034
0.75,0.75,0.75,0.40947177705329507
0.750996015936255,0.750996015936255,0.750996015936255,0.41100664476870785
0.75199203187251,0.75199203187251,0.75199203187251,0.41254442032410826
0.7529880478087649,0.7529880478087649,0.7529880478087649,0.4140850954185054
0.7539840637450199,0.7539840637450199,0.7539840637450199,0.4156286616430941
0.7549800796812749,0.7549800796812749,0.7549800796812749,0.4171751104806294
0.7559760956175299,0.7559760956175299,0.7559760956175299,0.41872443330479875
0.7569721115537849,0.7569721115537849,0.7569721115537849,0.42027662137959265
0.7579681274900398,0.7579681274900398,0.7579681274900398,0.4218316658586726
0.7589641434262948,0.7589641434262948,0.7589641434262948,0.4233895577847377
0.7599601593625498,0.7599601593625498,0.7599601593625498,0.42495028808888863
0.7609561752988048,0.7609561752988048,0.7609561752988048,0.42651384758999045
0.7619521912350598,0.7619521912350598,0.7619521912350598,0.4280802269940326
0.7629482071713147,0.7629482071713147,0.7629482071713147,0.4296494168934876
0.7639442231075697,0.7639442231075697,0.7639442231075697,0.4312214077666672
0.7649402390438247,0.7649402390438247,0.7649402390438247,0.4327961899770771
0.7659362549800797,0.7659362549800797,0.7659362549800797,0.43437375377276966
0.7669322709163346,0.7669322709163346,0.7669322709163346,0.4359540892856942
0.7679282868525896,0.7679282868525896,0.7679282868525896,0.43753718653104584
0.7689243027888446,0.7689243027888446,0.7689243027888446,0.43912303540661296
0.7699203187250996,0.7699203187250996,0.7699203187250996,0.44071162569212124
0.7709163346613546,0.7709163346613546,0.7709163346613546,0.4423029470485775
0.7719123505976095,0.7719123505976095,0.7719123505976095,0.44389698901761027
0.7729083665338645,0.7729083665338645,0.7729083665338645,0.44549374102080985
0.7739043824701195,0.7739043824701195,0.7739043824701195,0.4470931923590654
0.7749003984063745,0.7749003984063745,0.7749003984063745,0.4486953322119009
0.7758964143426295,0.7758964143426295,0.7758964143426295,0.4503001496368087
0.7768924302788844,0.7768924302788844,0.7768924302788844,0.4519076335685821
0.7778884462151394,0.7778884462151394,0.7778884462151394,0.45351777281864514
0.7788844621513944,0.7788844621513944,0.7788844621513944,0.45513055607438174
0.7798804780876494,0.7798804780876494,0.7798804780876494,0.4567459718984618
0.7808764940239044,0.7808764940239044,0.7808764940239044,0.4583640087281666
0.7818725099601593,0.7818725099601593,0.7818725099601593,0.4599846548747124
0.7828685258964143,0.7828685258964143,0.7828685258964143,0.46160789852257134
0.7838645418326693,0.7838645418326693,0.7838645418326693,0.46323372772879173
0.7848605577689243,0.7848605577689243,0.7848605577689243,0.46486213042231606
0.7858565737051793,0.7858565737051793,0.7858565737051793,0.46649309440329784
0.7868525896414342,0.7868525896414342,0.7868525896414342,0.4681266073424162
0.7878486055776892,0.7878486055776892,0.7878486055776892,0.46976265678018875
0.7888446215139442,0.7888446215139442,0.7888446215139442,0.47140123012628404
0.7898406374501992,0.7898406374501992,0.7898406374501992,0.4730423146588309
0.7908366533864541,0.7908366533864541,0.7908366533864541,0.4746858975237268
0.7918326693227091,0.7918326693227091,0.7918326693227091,0.4763319657339451
0.7928286852589641,0.7928286852589641,0.7928286852589641,0.47798050616883997
0.7938247011952191,0.7938247011952191,0.7938247011952191,0.47963150557345
0.7948207171314741,0.7948207171314741,0.7948207171314741,0.4812849505578012
0.795816733067729,0.795816733067729,0.795816733067729,0.48294082759620643
0.796812749003984,0.796812749003984,0.796812749003984,0.4845991230265656
0.797808764940239,0.797808764940239,0.797808764940239,0.486259823049663
0.798804780876494,0.798804780876494,0.798804780876494,0.4879229137284636
0.799800796812749,0.799800796812749,0.799800796812749,0.48958838098740837
0.8007968127490039,0.8007968127490039,0.8007968127490039,0.49125621061170693
0.8017928286852589,0.8017928286852589,0.8017928286852589,0.4929263882466301
0.8027888446215139,0.8027888446215139,0.8027888446215139,0.494598899396801
0.8037848605577689,0.8037848605577689,0.8037848605577689,0.49627372942548326
0.8047808764940239,0.8047808764940239,0.8047808764940239,0.49795086355387014
0.8057768924302788,0.8057768924302788,0.8057768924302788,0.4996302868603707
0.8067729083665338,0.8067729083665338,0.8067729083665338,0.5013119842798955
0.8077689243027888,0.8077689243027888,0.8077689243027888,0.5029959406031407
0.8087649402390438,0.8087649402390438,0.8087649402390438,0.5046821404758705
0.8097609561752988,0.8097609561752988,0.8097609561752988,0.5063705683981997
0.8107569721115537,0.8107569721115537,0.8107569721115537,0.5080612087238737
0.8117529880478087,0.8117529880478087,0.8117529880478087,0.5097540456595477
0.8127490039840638,0.8127490039840638,0.8127490039840638,0.5114490632640657
0.8137450199203188,0.8137450199203188,0.8137450199203188,0.513146245447736
0.8147410358565738,0.8147410358565738,0.8147410358565738,0.5148455759716091
0.8157370517928287,0.8157370517928287,0.8157370517928287,0.5165470384467511
0.8167330677290837,0.8167330677290837,0.8167330677290837,0.5182506163335185
0.8177290836653387,0.8177290836653387,0.8177290836653387,0.5199562929408301
0.8187250996015937,0.8187250996015937,0.8187250996015937,0.5216640514254398
0.8197211155378487,0.8197211155378487,0.8197211155378487,0.5233738747912066
0.8207171314741036,0.8207171314741036,0.8207171314741036,0.5250857458883648
0.8217131474103586,0.8217131474103586,0.8217131474103586,0.5267996474127932
0.8227091633466136,0.8227091633466136,0.8227091633466136,0.5285155619052829
0.8237051792828686,0.8237051792828686,0.8237051792828686,0.5302334717508044
0.8247011952191236,0.8247011952191236,0.8247011952191236,0.5319533591777742
0.8256972111553785,0.8256972111553785,0.8256972111553785,0.5336752062573202
0.8266932270916335,0.8266932270916335,0.8266932270916335,0.5353989949025465
0.8276892430278885,0.8276892430278885,0.8276892430278885,0.5371247068677973
0.8286852589641435,0.8286852589641435,0.8286852589641435,0.5388523237479206
0.8296812749003984,0.8296812749003984,0.8296812749003984,0.5405818269775298
0.8306772908366534,0.8306772908366534,0.8306772908366534,0.5423131978302669
0.8316733067729084,0.8316733067729084,0.8316733067729084,0.5440464174180626
0.8326693227091634,0.8326693227091634,0.8326693227091634,0.5457814666903981
0.8336653386454184,0.8336653386454184,0.8336653386454184,0.5475183264335637
0.8346613545816733,0.8346613545816733,0.8346613545816733,0.54925697726992
0.8356573705179283,0.8356573705179283,0.8356573705179283,0.5509973996571553
0.8366533864541833,0.8366533864541833,0.8366533864541833,0.5527395738875461
0.8376494023904383,0.8376494023904383,0.8376494023904383,0.5544834800872129
0.8386454183266933,0.8386454183266933,0.8386454183266933,0.5562290982153797
0.8396414342629482,0.8396414342629482,0.8396414342629482,0.5579764080636305
0.8406374501992032,0.8406374501992032,0.8406374501992032,0.5597253892551664
0.8416334661354582,0.8416334661354582,0.8416334661354582,0.5614760212440622
0.8426294820717132,0.8426294820717132,0.8426294820717132,0.5632282833145228
0.8436254980079682,0.8436254980079682,0.8436254980079682,0.5649821545801393
0.8446215139442231,0.8446215139442231,0.8446215139442231,0.5667376139831451
0.8456175298804781,0.8456175298804781,0.8456175298804781,0.5684946402936709
0.8466135458167331,0.8466135458167331,0.8466135458167331,0.5702532121090015
0.8476095617529881,0.8476095617529881,0.8476095617529881,0.57201330785283
0.848605577689243,0.848605577689243,0.848605577689243,0.5737749057745143
0.849601593625498,0.849601593625498,0.849601593625498,0.5755379839483318
0.850597609561753,0.850597609561753,0.850597609561753,0.577302520272735
0.851593625498008,0.851593625498008,0.851593625498008,0.5790684924696072
0.852589641434263,0.852589641434263,0.852589641434263,0.5808358780835179
0.853585657370518,0.853585657370518,0.853585657370518,0.5826046544809782
0.8545816733067729,0.8545816733067729,0.8545816733067729,0.5843747988496971
0.8555776892430279,0.8555776892430279,0.8555776892430279,0.586146288197837
0.8565737051792829,0.8565737051792829,0.8565737051792829,0.587919099353271
0.8575697211155379,0.8575697211155379,0.8575697211155379,0.5896932089628383
0.8585657370517928,0.8585657370517928,0.8585657370517928,0.5914685934916019
0.8595617529880478,0.8595617529880478,0.8595617529880478,0.5932452292221053
0.8605577689243028,0.8605577689243028,0.8605577689243028,0.5950230922536313
0.8615537848605578,0.8615537848605578,0.8615537848605578,0.5968021585014588
0.8625498007968128,0.8625498007968128,0.8625498007968128,0.5985824036961224
0.8635458167330677,0.8635458167330677,0.8635458167330677,0.6003638033826714
0.8645418326693227,0.8645418326693227,0.8645418326693227,0.6021463329199293
0.8655378486055777,0.8655378486055777,0.8655378486055777,0.6039299674797549
0.8665338645418327,0.8665338645418327,0.8665338645418327,0.6057146820463024
0.8675298804780877,0.8675298804780877,0.8675298804780877,0.6075004514152847
0.8685258964143426,0.8685258964143426,0.8685258964143426,0.6092872501932346
0.8695219123505976,0.8695219123505976,0.8695219123505976,0.6110750527967688
0.8705179282868526,0.8705179282868526,0.8705179282868526,0.6128638334518526
0.8715139442231076,0.8715139442231076,0.8715139442231076,0.6146535661930645
0.8725099601593626,0.8725099601593626,0.8725099601593626,0.6164442248628629
0.8735059760956175,0.8735059760956175,0.8735059760956175,0.6182357831108524
0.8745019920318725,0.8745019920318725,0.8745019920318725,0.6200282143930533
0.8754980079681275,0.8754980079681275,0.8754980079681275,0.6218214919711703
0.8764940239043825,0.8764940239043825,0.8764940239043825,0.6236155889118626
0.8774900398406374,0.8774900398406374,0.8774900398406374,0.6254104780860165
0.8784860557768924,0.8784860557768924,0.8784860557768924,0.6272061321680178
0.8794820717131474,0.8794820717131474,0.8794820717131474,0.6290025236350261
0.8804780876494024,0.8804780876494024,0.8804780876494024,0.6307996247662507
0.8814741035856574,0.8814741035856574,0.8814741035856574,0.6325974076422279
0.8824701195219123,0.8824701195219123,0.8824701195219123,0.634395844144099
0.8834661354581673,0.8834661354581673,0.8834661354581673,0.6361949059528903
0.8844621513944223,0.8844621513944223,0.8844621513944223,0.6379945645487958
0.8854581673306773,0.8854581673306773,0.8854581673306773,0.6397947912104592
0.8864541832669323,0.8864541832669323,0.8864541832669323,0.6415955570142597
0.8874501992031872,0.8874501992031872,0.8874501992031872,0.6433968328335985
0.8884462151394422,0.8884462151394422,0.8884462151394422,0.6451985893381871
0.8894422310756972,0.8894422310756972,0.8894422310756972,0.6470007969933378
0.8904382470119522,0.8904382470119522,0.8904382470119522,0.6488034260592566
0.8914342629482072,0.8914342629482072,0.8914342629482072,0.6506064465903363
0.8924302788844621,0.8924302788844621,0.8924302788844621,0.652409828434454
0.8934262948207171,0.8934262948207171,0.8934262948207171,0.6542135412322685
0.8944223107569721,0.8944223107569721,0.8944223107569721,0.6560175544165215
0.8954183266932271,0.8954183266932271,0.8954183266932271,0.6578218372113404
0.896414342629482,0.896414342629482,0.896414342629482,0.6596263586315422
0.897410358565737,0.897410358565737,0.897410358565737,0.6614310874819428
0.898406374501992,0.898406374501992,0.898406374501992,0.663235992356665
0.899402390438247,0.899402390438247,0.899402390438247,0.6650410416384518
0.900398406374502,0.900398406374502,0.900398406374502,0.6668462034979804
0.901394422310757,0.901394422310757,0.901394422310757,0.6686514458931802
0.9023904382470119,0.9023904382470119,0.9023904382470119,0.6704567365685522
0.9033864541832669,0.9033864541832669,0.9033864541832669,0.672262043054492
0.9043824701195219,0.9043824701195219,0.9043824701195219,0.6740673326666154
0.9053784860557769,0.9053784860557769,0.9053784860557769,0.6758725725050863
0.9063745019920318,0.9063745019920318,0.9063745019920318,0.6776777294539479
0.9073705179282868,0.9073705179282868,0.9073705179282868,0.6794827701804578
0.9083665338645418,0.9083665338645418,0.9083665338645418,0.6812876611344238
0.9093625498007968,0.9093625498007968,0.9093625498007968,0.6830923685475457
0.9103585657370518,0.9103585657370518,0.9103585657370518,0.6848968584327578
0.9113545816733067,0.9113545816733067,0.9113545816733067,0.6867010965835763
0.9123505976095617,0.9123505976095617,0.9123505976095617,0.6885050485734491
0.9133466135458167,0.9133466135458167,0.9133466135458167,0.6903086797551093
0.9143426294820717,0.9143426294820717,0.9143426294820717,0.6921119552599327
0.9153386454183267,0.9153386454183267,0.9153386454183267,0.6939148399972976
0.9163346613545816,0.9163346613545816,0.9163346613545816,0.6957172986539496
0.9173306772908366,0.9173306772908366,0.9173306772908366,0.6975192956933687
0.9183266932270916,0.9183266932270916,0.9183266932270916,0.6993207953551416
0.9193227091633466,0.9193227091633466,0.9193227091633466,0.7011217616543367
0.9203187250996016,0.9203187250996016,0.9203187250996016,0.7029221583808832
0.9213147410358565,0.9213147410358565,0.9213147410358565,0.7047219490989552
0.9223107569721115,0.9223107569721115,0.9223107569721115,0.7065210971463584
0.9233067729083665,0.9233067729083665,0.9233067729083665,0.7083195656339212
0.9243027888446215,0.9243027888446215,0.9243027888446215,0.7101173174448915
0.9252988047808764,0.9252988047808764,0.9252988047808764,0.7119143152343361
0.9262948207171314,0.9262948207171314,0.9262948207171314,0.7137105214285447
0.9272908366533864,0.9272908366533864,0.9272908366533864,0.7155058982244394
0.9282868525896414,0.9282868525896414,0.9282868525896414,0.7173004075889877
0.9292828685258964,0.9292828685258964,0.9292828685258964,0.7190940112586206
0.9302788844621513,0.9302788844621513,0.9302788844621513,0.7208866707386546
0.9312749003984063,0.9312749003984063,0.9312749003984063,0.7226783473027204
0.9322709163346613,0.9322709163346613,0.9322709163346613,0.724469001992194
0.9332669322709163,0.9332669322709163,0.9332669322709163,0.7262585956156344
0.9342629482071713,0.9342629482071713,0.9342629482071713,0.7280470887482258
0.9352589641434262,0.9352589641434262,0.9352589641434262,0.7298344417312247
0.9362549800796812,0.9362549800796812,0.9362549800796812,0.7316206146714131
0.9372509960159362,0.9372509960159362,0.9372509960159362,0.7334055674405556
0.9382470119521913,0.9382470119521913,0.9382470119521913,0.735189259674863
0.9392430278884463,0.9392430278884463,0.9392430278884463,0.7369716507744605
0.9402390438247012,0.9402390438247012,0.9402390438247012,0.7387526999028623
0.9412350597609562,0.9412350597609562,0.9412350597609562,0.7405323659864516
0.9422310756972112,0.9422310756972112,0.9422310756972112,0.7423106077139652
0.9432270916334662,0.9432270916334662,0.9432270916334662,0.7440873835359861
0.9442231075697212,0.9442231075697212,0.9442231075697212,0.7458626516644394
0.9452191235059761,0.9452191235059761,0.9452191235059761,0.7476363700720968
0.9462151394422311,0.9462151394422311,0.9462151394422311,0.749408496492085
0.9472111553784861,0.9472111553784861,0.9472111553784861,0.7511789884174012
0.9482071713147411,0.9482071713147411,0.9482071713147411,0.7529478031004353
0.9492031872509961,0.9492031872509961,0.9492031872509961,0.7547148975524983
0.950199203187251,0.950199203187251,0.950199203187251,0.7564802285433558
0.951195219123506,0.951195219123506,0.951195219123506,0.7582437526007698
0.952191235059761,0.952191235059761,0.952191235059761,0.7600054260100465
0.953187250996016,0.953187250996016,0.953187250996016,0.7617652048135906
0.954183266932271,0.954183266932271,0.954183266932271,0.7635230448104666
0.9551792828685259,0.9551792828685259,0.9551792828685259,0.7652789015559676
0.9561752988047809,0.9561752988047809,0.9561752988047809,0.7670327303611898
0.9571713147410359,0.9571713147410359,0.9571713147410359,0.7687844862926156
0.9581673306772909,0.9581673306772909,0.9581673306772909,0.7705341241717033
0.9591633466135459,0.9591633466135459,0.9591633466135459,0.7722815985744833
0.9601593625498008,0.9601593625498008,0.9601593625498008,0.774026863831164
0.9611553784860558,0.9611553784860558,0.9611553784860558,0.7757698740257427
0.9621513944223108,0.9621513944223108,0.9621513944223108,0.7775105829956256
0.9631474103585658,0.9631474103585658,0.9631474103585658,0.7792489443312551
0.9641434262948207,0.9641434262948207,0.9641434262948207,0.7809849113757455
0.9651394422310757,0.9651394422310757,0.9651394422310757,0.7827184372245259
0.9661354581673307,0.9661354581673307,0.9661354581673307,0.7844494747249913
0.9671314741035857,0.9671314741035857,0.9671314741035857,0.7861779764761622
0.9681274900398407,0.9681274900398407,0.9681274900398407,0.7879038948283529
0.9691235059760956,0.9691235059760956,0.9691235059760956,0.7896271818828468
0.9701195219123506,0.9701195219123506,0.9701195219123506,0.7913477894915814
0.9711155378486056,0.9711155378486056,0.9711155378486056,0.7930656692568412
0.9721115537848606,0.9721115537848606,0.9721115537848606,0.7947807725309605
0.9731075697211156,0.9731075697211156,0.9731075697211156,0.7964930504160329
0.9741035856573705,0.9741035856573705,0.9741035856573705,0.7982024537636322
0.9750996015936255,0.9750996015936255,0.9750996015936255,0.79990893317454
0.9760956175298805,0.9760956175298805,0.9760956175298805,0.8016124389984846
0.9770916334661355,0.9770916334661355,0.9770916334661355,0.8033129213338872
0.9780876494023905,0.9780876494023905,0.9780876494023905,0.8050103300276195
0.9790836653386454,0.9790836653386454,0.9790836653386454,0.8067046146747686
0.9800796812749004,0.9800796812749004,0.9800796812749004,0.8083957246184137
0.9810756972111554,0.9810756972111554,0.9810756972111554,0.8100836089494108
0.9820717131474104,0.9820717131474104,0.9820717131474104,0.811768216506188
0.9830677290836654,0.9830677290836654,0.9830677290836654,0.8134494958745513
0.9840637450199203,0.9840637450199203,0.9840637450199203,0.8151273953874989
0.9850597609561753,0.9850597609561753,0.9850597609561753,0.8168018631250477
0.9860557768924303,0.9860557768924303,0.9860557768924303,0.8184728469140682
0.9870517928286853,0.9870517928286853,0.9870517928286853,0.8201402943281317
0.9880478087649402,0.9880478087649402,0.9880478087649402,0.8218041526873664
0.9890438247011952,0.9890438247011952,0.9890438247011952,0.823464369058325
0.9900398406374502,0.9900398406374502,0.9900398406374502,0.8251208902538631
0.9910358565737052,0.9910358565737052,0.9910358565737052,0.8267736628330289
0.9920318725099602,0.9920318725099602,0.9920318725099602,0.8284226331009626
0.9930278884462151,0.9930278884462151,0.9930278884462151,0.8300677471088089
0.9940239043824701,0.9940239043824701,0.9940239043824701,0.8317089506536387
0.9950199203187251,0.9950199203187251,0.9950199203187251,0.8333461892783843
0.9960159362549801,0.9960159362549801,0.9960159362549801,0.8349794082717845
0.9970119521912351,0.9970119521912351,0.9970119521912351,0.8366085526683426
0.99800796812749,0.99800796812749,0.99800796812749,0.8382335672482951
0.999003984063745,0.999003984063745,0.999003984063745,0.8398543965375932
